subjects,region,gradient_1,gradient_2,gradient_3,gradient_4,gradient_5,gradient_6,gradient_7,gradient_8,gradient_9,gradient_10
sub-31151_ses-baseline_fs,lh_SFG_L_6_1_thickness,0.09824540624608735,-0.0013598503652740776,-0.016105418934776853,0.09131109827814848,-0.07635266756742377,0.11536136658421033,-0.015551686291597413,0.020709738352154516,0.005449293407529158,-0.02447720380584127
sub-31151_ses-baseline_fs,lh_SFG_L_6_2_thickness,-0.017602828882173648,0.07960097346754191,-0.09000071654934229,-0.01399947292407224,0.15020805535519957,0.06706194820504638,0.03905997042684745,-0.07447909448508719,-0.056241212652223434,0.007477105283429283
sub-31151_ses-baseline_fs,lh_SFG_L_6_3_thickness,-0.04416737417665795,0.0452543876083632,0.05139051253060945,-0.01794009059271046,-0.11026384866363284,-0.04893151286423726,0.011233638200172544,-0.04587492406648885,-0.12737987005499352,0.06832110352590046
sub-31151_ses-baseline_fs,lh_SFG_L_6_4_thickness,-0.07449248507695326,0.057932373970659236,0.017116019275137218,0.011143769680716469,-0.07200095250679558,-0.03382741311812482,0.07034615089476806,-0.05695450636271189,0.0585088370584085,-0.04739148467895615
sub-31151_ses-baseline_fs,lh_SFG_L_6_5_thickness,0.04577429871259431,-0.040173332624323384,0.0143812788621333,0.07223335512706075,-0.04026724834653334,0.09266840928490547,-0.02868559424286313,0.014219466604499891,-0.027342341008665942,-0.07790527714031936
sub-31151_ses-baseline_fs,lh_SFG_L_6_6_thickness,-0.020005114988855544,0.07916022119392781,-0.08860728796840109,-0.00837034649884963,0.13854448854075202,0.059345589252626625,0.0380093019138172,-0.08794341401979965,-0.0449714897452603,-0.003559617973834567
sub-31151_ses-baseline_fs,lh_MFG_L_7_1_thickness,-0.06368558062497147,0.044997419683831946,0.04771138121913527,-0.05830797193630879,0.048724876293308274,0.06045741735767096,0.06732139729930282,0.19523287052450344,0.005452348462004872,0.025799640843578518
sub-31151_ses-baseline_fs,lh_MFG_L_7_2_thickness,-0.04256300032995193,0.047189336233321826,0.05539590023829422,-0.014108864590310402,-0.09042719357131526,-0.044353526793205686,-0.032653449579109615,-0.035954427869607654,-0.1262957438981264,0.06406502760228776
sub-31151_ses-baseline_fs,lh_MFG_L_7_3_thickness,-0.006896295797873888,0.0021135769236390245,0.00387186184690074,-0.0023111249809514038,0.002064753484848794,-0.001084049807863605,0.0017432611257323437,0.014038324817832612,0.004044839683427374,-0.0014555356492081326
sub-31151_ses-baseline_fs,lh_MFG_L_7_4_thickness,-0.016855344999471725,0.07331329448436219,-0.07939186973665745,-0.018461215482984832,0.14392394902527128,0.06721590378012417,0.03847575731523973,-0.04975455486257607,-0.05754408909728554,0.015039166742196096
sub-31151_ses-baseline_fs,lh_MFG_L_7_5_thickness,-0.0426171078017196,0.03022258605033107,0.014793645987299401,0.05396131726172332,0.030561402568983386,-0.04045136134299888,-0.13615665930488172,0.012450708464013381,0.053070662608378665,0.04637781362924428
sub-31151_ses-baseline_fs,lh_MFG_L_7_6_thickness,-0.007367879609411619,-0.09228233998795042,0.02973375412099895,0.06682384295006424,0.0031906046990553836,0.041632499117241845,-0.015084952007270967,0.008900077177501792,-0.0473746867538721,-0.09018909486734752
sub-31151_ses-baseline_fs,lh_MFG_L_7_7_thickness,-0.041605414399283475,0.06953951541612267,-0.0490022780426588,0.002234556437391591,0.0654643740384054,0.026954547780241887,0.044790849627014025,-0.07325088213029782,0.014047111145605527,-0.038263680514003855
sub-31151_ses-baseline_fs,lh_IFG_L_6_1_thickness,0.12655030835573847,0.006262572163024135,0.06788042757018854,-0.048714630407348074,0.04507062162497314,-0.08661385182410655,0.012837641868644877,-0.0052377748666163045,0.0225770432292685,-0.03106873500626547
sub-31151_ses-baseline_fs,lh_IFG_L_6_2_thickness,0.023028402473590077,-0.087215209704745,-0.016581941274341597,-0.13447907010408439,-0.02076798655412201,0.01868021119816414,-0.031733542191031736,-0.03534712360008253,0.05958878068954973,0.020004327910501316
sub-31151_ses-baseline_fs,lh_IFG_L_6_3_thickness,0.11570413377346438,0.00792234146483516,-0.023235753274130282,0.09605199548659954,-0.08038268833418744,0.10860966057767343,-0.007418694884327673,0.023842070808798296,0.013585143371222713,-0.009767020997430716
sub-31151_ses-baseline_fs,lh_IFG_L_6_4_thickness,0.15737936714241285,0.03098540180212705,0.0496437566776364,-0.012990235169131087,0.035515087154236284,-0.09983428370858807,0.020781831966441296,0.016539065180025233,0.012998383276167076,-0.040471410060589234
sub-31151_ses-baseline_fs,lh_IFG_L_6_5_thickness,-0.04607502640977985,0.04477533459781488,0.04710424429474017,-0.015508937719947075,-0.1092632637484335,-0.04849288497255568,0.02306645871836848,-0.04683604689580017,-0.10961908726965346,0.06056474631564633
sub-31151_ses-baseline_fs,lh_IFG_L_6_6_thickness,0.03410243774474138,-0.08589619968102807,0.010971714991904332,-0.1341449120844516,-0.010117342084424068,0.021088520287103108,-0.026582382823646545,-0.04534181425442621,0.06481218869496613,0.02476044160557089
sub-31151_ses-baseline_fs,lh_OrG_L_6_1_thickness,0.010203157517540872,-0.08328754471605347,-0.07049997366170481,-0.13219648663680597,-0.03797820106058138,0.001369346412933832,-0.04011024609801929,-0.010617605938702604,0.04558288140213727,0.0031894969710618702
sub-31151_ses-baseline_fs,lh_OrG_L_6_2_thickness,-0.042565407639441416,0.047188331576765864,0.05540059608418822,-0.014129881958097069,-0.09049727444545168,-0.044370941062817845,-0.032556219823811225,-0.03598425553568589,-0.12636135833452858,0.06410416685503977
sub-31151_ses-baseline_fs,lh_OrG_L_6_3_thickness,0.06912939450025475,-0.07749575474656666,0.0663875382436788,-0.13248724224517675,0.014996304792713565,0.011536107524238145,-0.014113099496060546,-0.06007436325568799,0.07263541903284541,0.02698406431604959
sub-31151_ses-baseline_fs,lh_OrG_L_6_4_thickness,-0.04553311453447743,0.039475593579157676,0.023132570777854824,0.04871534605605225,0.027145348094464127,-0.03757761672255038,-0.15275651205436255,0.011308971435927184,0.04327813646872487,0.037794053728103495
sub-31151_ses-baseline_fs,lh_OrG_L_6_5_thickness,-0.02292556502116085,-0.10832176704760751,0.030798582960578264,0.06731511609248084,0.017042346724381378,0.021053549711577017,-0.006461849196289319,0.007339813538082641,-0.04938059274890231,-0.0841625374112713
sub-31151_ses-baseline_fs,lh_OrG_L_6_6_thickness,-0.04339052058665542,0.04659693947125906,0.05469942699023472,-0.017203749056914835,-0.10329938798212339,-0.047512042660697695,-0.010052218510520643,-0.04197358305398031,-0.13288051247649912,0.06899922307501007
sub-31151_ses-baseline_fs,lh_PrG_L_6_1_thickness,-0.01998642434571815,0.07917251272544922,-0.08864654226733427,-0.00838151902397228,0.13861634715627028,0.05937800974705577,0.03800721426844317,-0.08795750745405065,-0.0450293259022439,-0.0035241257316080557
sub-31151_ses-baseline_fs,lh_PrG_L_6_2_thickness,-0.0768254316086158,0.06061124693596289,0.009034847071397985,0.01550465333162435,-0.052272653910082394,-0.02531403715112552,0.06796612781723604,-0.057784554706767764,0.086371986365303,-0.07187709834904002
sub-31151_ses-baseline_fs,lh_PrG_L_6_3_thickness,-0.05599554066087429,0.035884540217652465,0.046303213591462396,-0.049874241966080576,0.03485796237157597,0.04860145155930141,0.05684815023464856,0.1741483209829588,0.009008357949805793,0.020698733340355976
sub-31151_ses-baseline_fs,lh_PrG_L_6_4_thickness,-0.0638890492832455,0.04493128545169559,0.048162993700425406,-0.05845383776042024,0.048396534678879465,0.06044481209705161,0.06744792560641953,0.19611003678375347,0.00570667144499949,0.02580269814194786
sub-31151_ses-baseline_fs,lh_PrG_L_6_5_thickness,-0.05046356400829122,0.049560362016373496,0.03326195024238561,0.04468357750100771,0.02242152428507678,-0.03671426856685256,-0.17295815909968126,0.009460588261135239,0.03055245240485504,0.03172791033583752
sub-31151_ses-baseline_fs,lh_PrG_L_6_6_thickness,0.147945433706285,0.0200490146175292,-0.03289792241898162,0.1090079532632267,-0.09084373771568309,0.10778162364814095,0.0022947400936300984,0.029480018761268753,0.024273211184997694,0.006728687408664011
sub-31151_ses-baseline_fs,lh_PCL_L_2_1_thickness,0.14793242946120996,0.02003332112543456,-0.03290163691576844,0.10902895605006861,-0.09086773697517068,0.10784060485678623,0.0022776829887233346,0.02947691397687853,0.024266706932867397,0.006715504019822243
sub-31151_ses-baseline_fs,lh_PCL_L_2_2_thickness,-0.034826582331238906,-0.029084943317396902,-0.01062477919290123,0.07537453673488746,0.03430958551296147,-0.055934176991950635,-0.04648381037662468,0.01126760135306647,0.055056989100574084,0.07647021886759464
sub-31151_ses-baseline_fs,lh_STG_L_6_1_thickness,-0.0007577745147092291,-0.06072694558254236,-0.14990096918121265,-0.11198991243662641,-0.05679623976850147,-0.04428533258066321,-0.04835773243382028,0.0368432860840944,0.012702705620260565,-0.03573001120667272
sub-31151_ses-baseline_fs,lh_STG_L_6_2_thickness,-0.06297582363463002,0.043482565244269925,0.04848946010854963,-0.05738729527220715,0.04593566868665787,0.058686512846201966,0.06604881400546721,0.19403250702305166,0.00652393573653566,0.025060050341301803
sub-31151_ses-baseline_fs,lh_STG_L_6_3_thickness,0.04577429871259431,-0.040173332624323384,0.0143812788621333,0.07223335512706075,-0.04026724834653334,0.09266840928490547,-0.02868559424286313,0.014219466604499891,-0.027342341008665942,-0.07790527714031936
sub-31151_ses-baseline_fs,lh_STG_L_6_4_thickness,-0.06383032642176892,0.04502655588914713,0.04793002645328318,-0.05842932989063123,0.04866268376906733,0.060527219850009764,0.06744727289890824,0.19577506457431687,0.0055482423469055365,0.025833553267150734
sub-31151_ses-baseline_fs,lh_STG_L_6_5_thickness,0.009861177394337887,-0.08275793533661993,-0.07222144959485943,-0.13163446451381394,-0.038403682921171405,0.00047041987895010933,-0.04026135588684264,-0.009576012934468577,0.044845377244735335,0.002399752476697717
sub-31151_ses-baseline_fs,lh_STG_L_6_6_thickness,-0.042861880092816385,-0.14552278951188674,0.001725899463991054,0.10129994148740562,0.04425280409903637,-0.04945414882188433,0.03967720345385183,0.007925150261457174,-0.015502265108294722,0.00977200909207145
sub-31151_ses-baseline_fs,lh_MTG_L_4_1_thickness,-0.06379746838045436,0.04502716946379869,0.04787063585278855,-0.058403376460856485,0.04869297413749409,0.06051878186599525,0.067421958354579,0.1956441132398887,0.005518493000413864,0.02582885545448997
sub-31151_ses-baseline_fs,lh_MTG_L_4_2_thickness,-0.07554229387158608,0.05896271411172845,0.012575917061142024,0.013659254396388478,-0.061151011081428334,-0.029193792569008354,0.0692650410699693,-0.05695277613305333,0.07461165692468817,-0.060835751836646745
sub-31151_ses-baseline_fs,lh_MTG_L_4_3_thickness,-0.054977031822443394,0.0456287976851511,0.030524227296675623,-0.002886124074991179,-0.08938312465861409,-0.04063462638659087,0.04812245144545429,-0.04750121654713278,-0.027532881298520714,0.011957047200655076
sub-31151_ses-baseline_fs,lh_MTG_L_4_4_thickness,-0.05044856898613546,0.04949738512950001,0.0331643364869402,0.04478236271586783,0.022532265883384566,-0.036743496102828434,-0.17292103139561807,0.009502214896684439,0.03078871805467431,0.03180283493101549
sub-31151_ses-baseline_fs,lh_ITG_L_5_1_thickness,-0.044168560464232086,0.0452539592628033,0.051388043653212756,-0.01793916531647262,-0.1102654770552221,-0.048931970683848955,0.011244084681698052,-0.04587620377686336,-0.12737106458861175,0.06831824236744119
sub-31151_ses-baseline_fs,lh_ITG_L_5_2_thickness,0.14682280990373867,0.02039447863335147,0.061659080921144215,-0.03204725255063446,0.04347392535424491,-0.09943864278808726,0.017738809084243946,0.0064630986497379184,0.017183105973867064,-0.03861100511521942
sub-31151_ses-baseline_fs,lh_ITG_L_5_3_thickness,-0.07450317125897606,0.057940752586147254,0.017109762436217736,0.011150308973440055,-0.07198997460621297,-0.03382282309644269,0.07035299226812648,-0.05696079273770627,0.058548562149767565,-0.04742296686843808
sub-31151_ses-baseline_fs,lh_ITG_L_5_4_thickness,-0.016743455885510124,0.07354461295306458,-0.07998660285618149,-0.01827257677463707,0.14438040730399224,0.06726410401821371,0.03841582931376688,-0.05093726163452728,-0.05772415355549635,0.014864406276943935
sub-31151_ses-baseline_fs,lh_ITG_L_5_5_thickness,-0.04241137125065121,-0.15221970920416822,0.018615776307688296,0.09462386701513144,0.040552129849745606,-0.025669581076037763,0.026984781874517322,0.00765637725940972,-0.0406010715107686,-0.04042893035139366
sub-31151_ses-baseline_fs,lh_FuG_L_3_1_thickness,0.008924058672427928,-0.07478458808137708,0.025852720044119346,0.06690809255008419,-0.01077050991412942,0.05916323243706916,-0.02093313894330647,0.010388736718164756,-0.04191376205453115,-0.0886962684902328
sub-31151_ses-baseline_fs,lh_FuG_L_3_2_thickness,-0.046073859787405545,0.0447765019604801,0.047109523875254265,-0.015512128959110381,-0.10926751159520824,-0.04849453228580895,0.023056870450152218,-0.04683609394117889,-0.10964035273831602,0.06057510815434997
sub-31151_ses-baseline_fs,lh_FuG_L_3_3_thickness,0.11310334993033609,-0.007996243842839762,0.07053167101369769,-0.06141563924925681,0.04086519937356294,-0.0670946082590466,0.008448377767114185,-0.01613437792579065,0.03079161536475583,-0.019941870883758844
sub-31151_ses-baseline_fs,lh_PhG_L_6_1_thickness,-0.00141879333138095,-0.056628584411507095,-0.1510462245149096,-0.1063971693478147,-0.05619724015139927,-0.04697003717532335,-0.047363665464144694,0.03960245023285,0.00957367683107421,-0.03796824065129048
sub-31151_ses-baseline_fs,lh_PhG_L_6_2_thickness,-0.0414256045059083,0.04609009736150396,0.051755281031595095,-0.007927287930497037,-0.07237968451500269,-0.04001668420153146,-0.05131831095898051,-0.028530836589835774,-0.1043245928230961,0.05387117077634566
sub-31151_ses-baseline_fs,lh_PhG_L_6_3_thickness,-0.042400335040361045,-0.15219376629902404,0.018644737845976322,0.0945938290137044,0.04053403183348339,-0.025613178123328483,0.026943492345602855,0.007655708387286658,-0.04063465039731973,-0.04051665636251415
sub-31151_ses-baseline_fs,lh_PhG_L_6_4_thickness,0.05064387782745721,-0.08103385817370101,0.03776635790024225,-0.13195680580638194,0.0021359930432862557,0.016336269367527547,-0.02025219674143451,-0.052054125829191514,0.06801075030872468,0.025676468364220044
sub-31151_ses-baseline_fs,lh_PhG_L_6_5_thickness,0.15736107510346517,0.030990866953642913,0.04960476608441921,-0.012946051533543225,0.03547751671766111,-0.09978331940010628,0.02078058785276217,0.01655049123116628,0.012996122600676499,-0.040452686005164135
sub-31151_ses-baseline_fs,lh_PhG_L_6_6_thickness,-0.017589006827445346,0.07959293328814974,-0.08998770132310797,-0.014042400971098672,0.1502655689253784,0.06710887572874699,0.039067048778813555,-0.07434860142508845,-0.056309969636535874,0.007557415902370673
sub-31151_ses-baseline_fs,lh_pSTS_L_2_1_thickness,-0.03526264670957777,0.020703657152527297,0.029552135886812016,-0.02939786392655916,0.018912750028466364,0.02641492673481855,0.033035302582168205,0.1071027737782604,0.008004134629063122,0.010690569737830852
sub-31151_ses-baseline_fs,lh_pSTS_L_2_2_thickness,-0.06359973221965447,0.044264177436202694,0.04854566406948565,-0.05806597481171728,0.047145918831095424,0.05967120761466135,0.06690174769493397,0.19567293379769765,0.006200234709351931,0.025480645788312092
sub-31151_ses-baseline_fs,lh_SPL_L_4_1_thickness,-0.0777214564026152,0.07010347250489596,-0.005132027094891984,0.01581673628720481,-0.024464567698110985,-0.012793068320769927,0.06692959097454251,-0.06859131808740129,0.0890275293972349,-0.08310067141644832
sub-31151_ses-baseline_fs,lh_SPL_L_4_2_thickness,-0.03421199331162837,-0.04938675650217753,-0.013070269127869306,0.08011367805105764,0.035273401823506835,-0.05767351916525002,-0.023241268431938956,0.010464511937717852,0.04703102589391076,0.07416106663497507
sub-31151_ses-baseline_fs,lh_SPL_L_4_3_thickness,-0.04408216156693007,-0.15447249562524268,0.010281839068174961,0.10131890173306729,0.04402277921490741,-0.039330748163218465,0.0354830664280158,0.00791419473145599,-0.02927123189240397,-0.015292727936560984
sub-31151_ses-baseline_fs,lh_SPL_L_4_4_thickness,-0.05963358622749973,0.06984350090197797,-0.027462819233845397,0.009288778596478432,0.022042595893123473,0.007778333322899374,0.054986872658087584,-0.07084452000270054,0.05319382667754061,-0.06266189234343839
sub-31151_ses-baseline_fs,lh_IPL_L_6_1_thickness,-0.03613393026115681,-0.10793240644973873,-0.009938956422184718,0.0911933365533807,0.03871110986655514,-0.05589986766627989,0.028558216769397037,0.008145591281848967,0.012233913431371696,0.04585276273159921
sub-31151_ses-baseline_fs,lh_IPL_L_6_2_thickness,0.015589561387878146,-0.08555154880632274,-0.04430323059601438,-0.1331673475673822,-0.029920752279361876,0.01085219653176284,-0.03610252781277445,-0.02296550174805804,0.05258328165805108,0.01201346069317236
sub-31151_ses-baseline_fs,lh_IPL_L_6_3_thickness,0.06933448615955877,-0.07725394529186032,0.06654976385240821,-0.132247739172667,0.015142862439167898,0.011279982317448567,-0.014005925867068844,-0.05997257501354592,0.07251761304020535,0.026847904320836353
sub-31151_ses-baseline_fs,lh_IPL_L_6_4_thickness,-0.050682816024308554,0.04398459526080562,0.03557201875058632,-0.007244050313830393,-0.09550043513569345,-0.04301965215426737,0.0399581934078378,-0.04619028712963553,-0.05530194772974486,0.029398426175830366
sub-31151_ses-baseline_fs,lh_IPL_L_6_5_thickness,-0.042848286882767504,-0.14545834361639748,0.0016916806477919226,0.10128887893034669,0.04424433858079371,-0.049481846133090764,0.03967767712917463,0.00792745913451596,-0.015437506581535707,0.009874303432180454
sub-31151_ses-baseline_fs,lh_IPL_L_6_6_thickness,-0.017589006827445346,0.07959293328814974,-0.08998770132310797,-0.014042400971098672,0.1502655689253784,0.06710887572874699,0.039067048778813555,-0.07434860142508845,-0.056309969636535874,0.007557415902370673
sub-31151_ses-baseline_fs,lh_PCun_L_4_1_thickness,-0.0683659030675943,0.06976873389440388,-0.01654947787079043,0.012554046473461618,-0.00032046811484668774,-0.0021479059163342306,0.06050817021648836,-0.06950368996167246,0.07126705691644017,-0.07318372720949431
sub-31151_ses-baseline_fs,lh_PCun_L_4_2_thickness,0.15730591557764873,0.03089513673499558,0.049830987476062766,-0.013247698929315183,0.035684356759367986,-0.09997839870356874,0.020753829693674068,0.016427534959050805,0.013023676299109664,-0.0405145726796922
sub-31151_ses-baseline_fs,lh_PCun_L_4_3_thickness,0.1296180035606185,0.024870053775828994,-0.01384263719816567,0.0680662479187227,-0.0490334418949298,0.038422765728125946,0.008556610079110625,0.025274613988508714,0.01887230436702905,-0.0021110797303208867
sub-31151_ses-baseline_fs,lh_PCun_L_4_4_thickness,0.06881639564959022,-0.07767673526455308,0.06606008310918872,-0.13261217319668672,0.014794433941943158,0.011771751132414483,-0.014229542034203018,-0.060083817588174396,0.07267229372767604,0.027078019661025216
sub-31151_ses-baseline_fs,lh_PoG_L_4_1_thickness,-0.04119099063650814,0.04590519335411509,0.045911204950347784,0.0055623979731516515,-0.038765861812134164,-0.03402408976457422,-0.09132785430023593,-0.014729400575176398,-0.06251557278805578,0.03827769012301614
sub-31151_ses-baseline_fs,lh_PoG_L_4_2_thickness,-0.07774608594706746,0.07010007577123012,-0.005095109899960747,0.015824895341103266,-0.024544642592812846,-0.012828676771713812,0.06695050686935469,-0.06858293186494364,0.08907114303378731,-0.08311519807227963
sub-31151_ses-baseline_fs,lh_PoG_L_4_3_thickness,-0.016901980250988057,0.0731184815836919,-0.0790092173988817,-0.01851979636301189,0.14351550878489877,0.0670969588904107,0.0384591495371028,-0.04915228303263741,-0.057359983671054604,0.01507354246845095
sub-31151_ses-baseline_fs,lh_PoG_L_4_4_thickness,-0.043392874289657116,0.046596154403953656,0.054697165720245695,-0.0172084662558991,-0.1033234718652776,-0.04751860908939564,-0.010008375496868767,-0.04198496401314105,-0.13288866318065393,0.06900884221011247
sub-31151_ses-baseline_fs,lh_INS_L_6_1_thickness,-0.000834544043499617,-0.06047598561539039,-0.15072720498953257,-0.11178664309545004,-0.05697719211836903,-0.04481252768090387,-0.04843603145503914,0.03736532378956315,0.01234335934497345,-0.03617018999671982
sub-31151_ses-baseline_fs,lh_INS_L_6_2_thickness,-0.03524578731541935,-0.009656639842109052,-0.00621863306505743,0.06852569219451757,0.03282947291177916,-0.05184699104629202,-0.06945405653484615,0.011810048538921631,0.05910031217246966,0.07253566607311027
sub-31151_ses-baseline_fs,lh_INS_L_6_3_thickness,0.14793745914128797,0.02005196825204637,-0.032892226345272044,0.10899160729013868,-0.09082733891801564,0.10775261945139822,0.0022987845335419917,0.029478695847114076,0.024272176711125294,0.006728714221628351
sub-31151_ses-baseline_fs,lh_CG_L_5_1_thickness,0.1479127301111348,0.020025133039586474,-0.032897101562044874,0.10902409017572667,-0.09086523258431546,0.10784868463127585,0.0022703239331475457,0.029473388709197766,0.024260396914156695,0.006705652376068909
sub-31151_ses-baseline_fs,lh_CG_L_5_2_thickness,-0.03689338288963852,-0.1357198970272798,0.023531247879963333,0.081860185831898,0.0333948034802115,-0.01115252129428133,0.01572562259038404,0.00714158826084588,-0.044532883154556814,-0.05673703099207232
sub-31151_ses-baseline_fs,lh_CG_L_5_3_thickness,0.14794291547877764,0.020039664311317016,-0.03290257742889885,0.10902658103210427,-0.09086393171781444,0.10782563404797352,0.0022842749063853715,0.029479228148289235,0.024270444600630287,0.006722078352031058
sub-31151_ses-baseline_fs,lh_CG_L_5_4_thickness,0.09820800626036477,-0.001379144497790306,-0.016083976585666064,0.0912918596029998,-0.07633045639488893,0.11535115049022189,-0.015565664873226172,0.020703762819409183,0.005428401635799587,-0.024514621054734093
sub-31151_ses-baseline_fs,lh_CG_L_5_5_thickness,0.07769049915861422,-0.05629893803955768,0.07166962460841923,-0.10753463908902533,0.023315464895185937,-0.006623993585153001,-0.006539194775696706,-0.04917364555256596,0.06018114796335447,0.0160139791241202
sub-31151_ses-baseline_fs,lh_MVOcC_L_5_1_thickness,-0.0014588102237830997,-0.05617989638752397,-0.15043607557030395,-0.10564896726388975,-0.05592088205989027,-0.046908111932660805,-0.04711226525756494,0.03957203174620662,0.009388945270711224,-0.03791786876983808
sub-31151_ses-baseline_fs,lh_MVOcC_L_5_2_thickness,-0.0440824404239159,-0.15450084697264097,0.010346455865749957,0.10129372228850256,0.04401031188066794,-0.03924185594782729,0.03543494775433715,0.007911429017660718,-0.029368568106760137,-0.015486299672174778
sub-31151_ses-baseline_fs,lh_MVOcC_L_5_3_thickness,-0.001193915010082226,-0.05847662189382616,-0.15211353216272816,-0.10921159374656107,-0.056921382012121935,-0.04651945852366597,-0.04810830405437904,0.03909333080386635,0.0106341914189582,-0.03759293046688576
sub-31151_ses-baseline_fs,lh_MVOcC_L_5_4_thickness,-0.01992545682763102,0.07916137782195767,-0.08870236161435724,-0.00841014160878497,0.1387380227892088,0.05943465784855664,0.03798171526963595,-0.08793549427610349,-0.04516443773724766,-0.0034200243656288282
sub-31151_ses-baseline_fs,lh_MVOcC_L_5_5_thickness,-0.03405313607241433,-0.08950457591127495,-0.01371109145083782,0.08728590154774629,0.03675553485081717,-0.057856888326512396,0.018060101013506497,0.008552181204365024,0.025054618773681182,0.059888874102401846
sub-31151_ses-baseline_fs,lh_LOcC_L_4_1_thickness,-0.043510361942772975,0.046438727943519664,0.03907664261140221,0.022383680855697943,-0.007727971425519478,-0.03242038491534261,-0.1286097852241714,-0.0022982246090078474,-0.017403066682731352,0.030228431646097488
sub-31151_ses-baseline_fs,lh_LOcC_L_4_2_thickness,0.14689627428799687,0.0204957363800819,0.06156239062474945,-0.03189183642324416,0.043429715157613416,-0.09948383315421508,0.01776553923859408,0.006557209227561507,0.017130646324134413,-0.0386492159958022
sub-31151_ses-baseline_fs,lh_LOcC_L_4_3_thickness,-0.07703835502407723,0.06388875063474518,0.003181263876380465,0.016153265288189906,-0.03990817986177881,-0.019823280399419836,0.06658320994357413,-0.06141542201859884,0.09044592496403035,-0.07885440423137241
sub-31151_ses-baseline_fs,lh_LOcC_L_4_4_thickness,-0.050467464269813245,0.04956002814139738,0.0332555159909608,0.04469913624917724,0.022437757170502965,-0.036719919636250715,-0.17297700314345077,0.009466495068800885,0.03058303895338426,0.03173634789542706
sub-31151_ses-baseline_fs,lh_MeanThickness_thickness,-0.03941312971541754,0.020701777792507762,0.007534826210863234,0.05726990670969117,0.031214214849083755,-0.04317631847349168,-0.11658809518622464,0.012523951579299699,0.05756265634674722,0.05493720409376129
sub-31152_ses-baseline_fs,lh_SFG_L_6_1_thickness,-0.04762142169028048,0.04088964015454211,0.029687687141832085,0.04918631325008725,-0.08071625155344994,0.05137416090511627,-0.014828929126240816,0.049748447171011616,-0.00697435457197869,-0.041622370979754526
sub-31152_ses-baseline_fs,lh_SFG_L_6_2_thickness,0.06745134709906965,0.04504412379171266,-0.0922856383616469,0.027891025395318528,-0.03677353747328631,0.0018881172136151823,-0.0634898178769088,-0.015555059166477,-0.031943685461072846,0.07484409393540983
sub-31152_ses-baseline_fs,lh_SFG_L_6_3_thickness,0.06782979454589924,0.04517378988771651,-0.09251767486693671,0.027960280790199306,-0.036874543916070826,0.001894602923468722,-0.06373150773461866,-0.01563521719188159,-0.032070142549955105,0.07508534480294737
sub-31152_ses-baseline_fs,lh_SFG_L_6_4_thickness,0.029247527031119287,-0.10751581761169293,-0.051176679312132656,0.14420391778129613,-0.0008455991655810085,0.08173827035737118,0.1481333153188242,-0.08184791429108548,0.11609118409767188,-0.00805934013159321
sub-31152_ses-baseline_fs,lh_SFG_L_6_5_thickness,-0.06450320336458387,0.0498023049363972,0.0917114658089136,0.09575856433290927,-0.11737234069505195,0.13623865102746915,-0.07885114391560309,0.09532556843782017,-0.051458437024346236,-0.09747951450662101
sub-31152_ses-baseline_fs,lh_SFG_L_6_6_thickness,-0.05702987452503325,0.14316815624197482,-0.033777011970555555,-0.016837829252061932,0.147650103157443,0.02198986975165248,-0.009174149181098483,-0.07738073540384767,0.016671542719808436,-0.07068040218313498
sub-31152_ses-baseline_fs,lh_MFG_L_7_1_thickness,-0.05713821079278015,0.1431565610836178,-0.03388965092185847,-0.016972036662298982,0.14660384002702315,0.021514355618978204,-0.009601288372887689,-0.07824765144860638,0.017192052982755158,-0.0712525887033634
sub-31152_ses-baseline_fs,lh_MFG_L_7_2_thickness,0.1331543600276979,0.060179281261860736,-0.061194214354424604,0.011079477322729056,-0.04426964290565534,-0.013150904805836269,-0.05794330794815438,-0.022320921508655025,-0.03486869542197926,0.07575972029593031
sub-31152_ses-baseline_fs,lh_MFG_L_7_3_thickness,-0.03794409696997188,0.09520348642202411,-0.020274094528421827,-0.0011782614201078633,0.1262958591268026,0.02790737573377421,0.046550514568743685,0.036407002561722135,-0.017236139794501847,0.015608204733258
sub-31152_ses-baseline_fs,lh_MFG_L_7_4_thickness,-0.04147345870499233,0.10484936649045964,-0.023260378243163723,-0.004891671391357805,0.12960544426794487,0.026309799610229712,0.0317976705336785,0.007663156711349547,-0.008906875351308456,-0.005829553101034597
sub-31152_ses-baseline_fs,lh_MFG_L_7_5_thickness,-0.064489513732236,0.04978948193145394,0.09168307800979086,0.09573688321880532,-0.11734108713483594,0.1362016748119759,-0.0788303213996575,0.09529917044815296,-0.05144647388713183,-0.09745125417853302
sub-31152_ses-baseline_fs,lh_MFG_L_7_6_thickness,0.0236250751713137,0.038455328592626285,-0.059045098293575383,0.03735367425440457,-0.04364278816262766,0.023978062352242244,-0.05693839883494305,0.0053253149281489885,-0.029360131290169303,0.038770339709288414
sub-31152_ses-baseline_fs,lh_MFG_L_7_7_thickness,-0.05674864492540028,0.14261495426402665,-0.033575415130613115,-0.01666165196468644,0.14767936316213467,0.022224053890803237,-0.008662388783900528,-0.07616450187277239,0.016201741133965372,-0.06979817129590812
sub-31152_ses-baseline_fs,lh_IFG_L_6_1_thickness,0.07998897291373001,0.07539806581823445,0.03194849363377461,-0.03691661299811517,-0.06296363151274066,-0.06235401773738471,0.041898893401869954,-0.0030415534244177867,0.0237977734992427,0.007460379564897876
sub-31152_ses-baseline_fs,lh_IFG_L_6_2_thickness,-0.042209028917735814,0.10324081117992102,-0.02459958282562381,-0.020168001253022,0.0036001750954742467,-0.033575296456387606,0.020767935175107007,-0.04010792021472341,0.041455125304887624,-0.03601595145152378
sub-31152_ses-baseline_fs,lh_IFG_L_6_3_thickness,-0.006043479222003574,-0.028355769277397656,-0.03471315830344246,0.07103804845139886,-0.02967331230760249,0.027284821027199434,0.08507859689696043,-0.02879091081986853,0.06705345875265432,-0.0013356678870451253
sub-31152_ses-baseline_fs,lh_IFG_L_6_4_thickness,-0.056858074481220704,0.14289427074224967,-0.03364187518721068,-0.01673704816826256,0.14777737509664426,0.02219795562769373,-0.008862481520765172,-0.07660719997197536,0.016357473446050257,-0.0701570814410207
sub-31152_ses-baseline_fs,lh_IFG_L_6_5_thickness,0.16475012847497364,0.06289188334494443,0.0771205466649759,-0.049304044770369586,-0.0390031895824405,-0.0528357712959809,0.03090628263301447,-0.011471932862900863,0.0008909207931221785,0.004825010966645962
sub-31152_ses-baseline_fs,lh_IFG_L_6_6_thickness,-0.1097829706147423,-0.04973648338307583,0.07170878887714364,-0.15087019484091477,-0.03557695822236168,0.09073450806156041,-0.013369585825659515,-0.0928652585759954,0.01031772844120594,0.15770904719310383
sub-31152_ses-baseline_fs,lh_OrG_L_6_1_thickness,0.0011453386900657386,-0.05786163528673162,-0.10164954328584144,-0.10498167955564822,-0.013246670402013118,0.011543958331697924,0.018082984128181618,0.05725960306211043,-0.0192449328980542,-0.0788830453617311
sub-31152_ses-baseline_fs,lh_OrG_L_6_2_thickness,0.002259671846560594,-0.1007395784668356,-0.13310919611167796,-0.14317762938593417,-0.004273658850645274,-0.0007755939753705657,-0.0013427360347745023,0.09364940627140883,-0.004434680757859033,-0.11028035231788896
sub-31152_ses-baseline_fs,lh_OrG_L_6_3_thickness,-0.10978297979142489,-0.04973648827968196,0.07170879621182287,-0.15087020859928854,-0.035576961615714074,0.09073451673347015,-0.01336958766750351,-0.09286526695732562,0.010317729367094422,0.15770906100836551
sub-31152_ses-baseline_fs,lh_OrG_L_6_4_thickness,-0.031471974244416764,0.0813728034544718,-0.01580151870567021,0.0074431868696642955,0.11950038365713718,0.029336949888052317,0.08665051212991333,0.10624487979420996,-0.03475571406106864,0.06749244245288809
sub-31152_ses-baseline_fs,lh_OrG_L_6_5_thickness,-0.033322888001269375,-0.08873465827123282,0.015317929752453944,0.01321341377921895,0.06911032370821,-0.12099536659560545,-0.13631558149651,0.10530215727010442,0.1478709343297703,0.012385142900933921
sub-31152_ses-baseline_fs,lh_OrG_L_6_6_thickness,-0.08522424897568909,-0.07046975577169759,0.018281142408261612,0.06794935198172876,0.0032519927714227603,-0.16040190126315773,0.03839238875397261,-0.0662062424914879,-0.1914400462601149,-0.012000329834448833
sub-31152_ses-baseline_fs,lh_PrG_L_6_1_thickness,-0.028767171262715392,0.07327052446647346,-0.01415257563815212,0.009030459150055636,0.10954759643278783,0.027526331873303868,0.09196714990925138,0.11793307804270821,-0.03685003492149375,0.07684014022058266
sub-31152_ses-baseline_fs,lh_PrG_L_6_2_thickness,-0.04762142169028048,0.04088964015454211,0.029687687141832085,0.04918631325008725,-0.08071625155344994,0.05137416090511627,-0.014828929126240816,0.049748447171011616,-0.00697435457197869,-0.041622370979754526
sub-31152_ses-baseline_fs,lh_PrG_L_6_3_thickness,-0.03335128838741252,-0.08875670649740017,0.015427570386670544,0.013311690400860696,0.06917372299585431,-0.12110815811399914,-0.13646583127529632,0.10536674131026956,0.14802933842237465,0.012458184353946113
sub-31152_ses-baseline_fs,lh_PrG_L_6_4_thickness,-0.028581092996686434,0.07271315869781336,-0.014065554696385669,0.009040547127311165,0.1087385163557606,0.027344345035740646,0.09175720706686019,0.11781057495196681,-0.036758144003282214,0.07682085930203203
sub-31152_ses-baseline_fs,lh_PrG_L_6_5_thickness,-0.10978297979142489,-0.04973648827968196,0.07170879621182287,-0.15087020859928854,-0.035576961615714074,0.09073451673347015,-0.01336958766750351,-0.09286526695732562,0.010317729367094422,0.15770906100836551
sub-31152_ses-baseline_fs,lh_PrG_L_6_6_thickness,-0.06450320336458387,0.0498023049363972,0.0917114658089136,0.09575856433290927,-0.11737234069505195,0.13623865102746915,-0.07885114391560309,0.09532556843782017,-0.051458437024346236,-0.09747951450662101
sub-31152_ses-baseline_fs,lh_PCL_L_2_1_thickness,0.15325011245675996,0.06685880120890382,-0.08313136939058165,0.019446921146973786,-0.049850218823116556,-0.010093728564206924,-0.07752785897471628,-0.02790336701351683,-0.04460813670219707,0.0939594843659434
sub-31152_ses-baseline_fs,lh_PCL_L_2_2_thickness,0.029252525280062003,-0.10752663338729161,-0.05117847761100983,0.14421510501967896,-0.0008429210780208598,0.0817475098938286,0.1481424315532897,-0.08185467992082039,0.11609864897006984,-0.008061172116895629
sub-31152_ses-baseline_fs,lh_STG_L_6_1_thickness,0.0023542928093977776,-0.10064302275882187,-0.1333918023701008,-0.1434860022505373,-0.004503128233384798,-0.0004196661617880786,-0.0009652744888998939,0.09355521264881593,-0.004853110258367508,-0.11052446421551895
sub-31152_ses-baseline_fs,lh_STG_L_6_2_thickness,-0.031208655779922417,0.08079108915902544,-0.015599337604886802,0.007687813587347087,0.11889928345592218,0.029357795768512083,0.08782635280126126,0.1084817285073805,-0.0352606034966919,0.06909586389584338
sub-31152_ses-baseline_fs,lh_STG_L_6_3_thickness,-0.08522525452802712,-0.0704707283425032,0.018281516444712074,0.06795023024475641,0.0032519959166131453,-0.16040393495410332,0.038392794520020555,-0.06620709291862828,-0.19144257545038793,-0.012000570172563951
sub-31152_ses-baseline_fs,lh_STG_L_6_4_thickness,-0.06449744733367285,0.04979626212923641,0.09169896134993943,0.09574963110400901,-0.11735835525674962,0.1362224116181483,-0.07884217875193845,0.09531366970197232,-0.051453490197704795,-0.0974670563391229
sub-31152_ses-baseline_fs,lh_STG_L_6_5_thickness,-0.10978297979142489,-0.04973648827968196,0.07170879621182287,-0.15087020859928854,-0.035576961615714074,0.09073451673347015,-0.01336958766750351,-0.09286526695732562,0.010317729367094422,0.15770906100836551
sub-31152_ses-baseline_fs,lh_STG_L_6_6_thickness,-0.10978297979142489,-0.04973648827968196,0.07170879621182287,-0.15087020859928854,-0.035576961615714074,0.09073451673347015,-0.01336958766750351,-0.09286526695732562,0.010317729367094422,0.15770906100836551
sub-31152_ses-baseline_fs,lh_MTG_L_4_1_thickness,-0.10978297979142489,-0.04973648827968196,0.07170879621182287,-0.15087020859928854,-0.035576961615714074,0.09073451673347015,-0.01336958766750351,-0.09286526695732562,0.010317729367094422,0.15770906100836551
sub-31152_ses-baseline_fs,lh_MTG_L_4_2_thickness,0.04171211352767141,0.09019334849918642,0.022763267409366864,-0.03836369688836005,-0.0728514855964411,-0.07307679566565631,0.056056841939568454,-0.0027558607317860807,0.04136298351578873,-0.0021412548467430645
sub-31152_ses-baseline_fs,lh_MTG_L_4_3_thickness,-0.10978297979142489,-0.04973648827968196,0.07170879621182287,-0.15087020859928854,-0.035576961615714074,0.09073451673347015,-0.01336958766750351,-0.09286526695732562,0.010317729367094422,0.15770906100836551
sub-31152_ses-baseline_fs,lh_MTG_L_4_4_thickness,-0.06450320336458387,0.0498023049363972,0.0917114658089136,0.09575856433290927,-0.11737234069505195,0.13623865102746915,-0.07885114391560309,0.09532556843782017,-0.051458437024346236,-0.09747951450662101
sub-31152_ses-baseline_fs,lh_ITG_L_5_1_thickness,0.029252525280062003,-0.10752663338729161,-0.05117847761100983,0.14421510501967896,-0.0008429210780208598,0.0817475098938286,0.1481424315532897,-0.08185467992082039,0.11609864897006984,-0.008061172116895629
sub-31152_ses-baseline_fs,lh_ITG_L_5_2_thickness,0.22709623318147343,0.06311096926027017,0.10287279622328187,-0.0580957628300676,-0.03101065436972719,-0.05183124378135489,0.02346740876837299,-0.018589470074988127,-0.012571463281092989,0.007002110342570903
sub-31152_ses-baseline_fs,lh_ITG_L_5_3_thickness,0.04171211352767141,0.09019334849918642,0.022763267409366864,-0.03836369688836005,-0.0728514855964411,-0.07307679566565631,0.056056841939568454,-0.0027558607317860807,0.04136298351578873,-0.0021412548467430645
sub-31152_ses-baseline_fs,lh_ITG_L_5_4_thickness,-0.10978297979142489,-0.04973648827968196,0.07170879621182287,-0.15087020859928854,-0.035576961615714074,0.09073451673347015,-0.01336958766750351,-0.09286526695732562,0.010317729367094422,0.15770906100836551
sub-31152_ses-baseline_fs,lh_ITG_L_5_5_thickness,0.029252525280062003,-0.10752663338729161,-0.05117847761100983,0.14421510501967896,-0.0008429210780208598,0.0817475098938286,0.1481424315532897,-0.08185467992082039,0.11609864897006984,-0.008061172116895629
sub-31152_ses-baseline_fs,lh_FuG_L_3_1_thickness,-0.06448557344703132,0.04979128968456446,0.09167311889613171,0.09572111953264921,-0.11733559251077794,0.13618283960602753,-0.07881438177709692,0.09529307041868311,-0.051434516699508055,-0.09744164108234941
sub-31152_ses-baseline_fs,lh_FuG_L_3_2_thickness,-0.06450320336458387,0.0498023049363972,0.0917114658089136,0.09575856433290927,-0.11737234069505195,0.13623865102746915,-0.07885114391560309,0.09532556843782017,-0.051458437024346236,-0.09747951450662101
sub-31152_ses-baseline_fs,lh_FuG_L_3_3_thickness,-0.08522537358308054,-0.07047085287179647,0.018281544476418006,0.06795033624342099,0.003252014391937489,-0.16040418305791074,0.03839285062980128,-0.0662072084534697,-0.19144285550453813,-0.012000583349047762
sub-31152_ses-baseline_fs,lh_PhG_L_6_1_thickness,0.15325011245675996,0.06685880120890382,-0.08313136939058165,0.019446921146973786,-0.049850218823116556,-0.010093728564206924,-0.07752785897471628,-0.02790336701351683,-0.04460813670219707,0.0939594843659434
sub-31152_ses-baseline_fs,lh_PhG_L_6_2_thickness,-0.08522424897568909,-0.07046975577169759,0.018281142408261612,0.06794935198172876,0.0032519927714227603,-0.16040190126315773,0.03839238875397261,-0.0662062424914879,-0.1914400462601149,-0.012000329834448833
sub-31152_ses-baseline_fs,lh_PhG_L_6_3_thickness,0.0023542928093977776,-0.10064302275882187,-0.1333918023701008,-0.1434860022505373,-0.004503128233384798,-0.0004196661617880786,-0.0009652744888998939,0.09355521264881593,-0.004853110258367508,-0.11052446421551895
sub-31152_ses-baseline_fs,lh_PhG_L_6_4_thickness,0.22709623318147343,0.06311096926027017,0.10287279622328187,-0.0580957628300676,-0.03101065436972719,-0.05183124378135489,0.02346740876837299,-0.018589470074988127,-0.012571463281092989,0.007002110342570903
sub-31152_ses-baseline_fs,lh_PhG_L_6_5_thickness,0.15325011245675996,0.06685880120890382,-0.08313136939058165,0.019446921146973786,-0.049850218823116556,-0.010093728564206924,-0.07752785897471628,-0.02790336701351683,-0.04460813670219707,0.0939594843659434
sub-31152_ses-baseline_fs,lh_PhG_L_6_6_thickness,0.0023542928093977776,-0.10064302275882187,-0.1333918023701008,-0.1434860022505373,-0.004503128233384798,-0.0004196661617880786,-0.0009652744888998939,0.09355521264881593,-0.004853110258367508,-0.11052446421551895
sub-31152_ses-baseline_fs,lh_pSTS_L_2_1_thickness,-0.061072617318464285,0.1480637671929379,-0.036623858841628484,-0.020093231845267037,0.12565871416034402,0.010039135716177273,-0.011545787654789304,-0.08915167851707013,0.02807207702710726,-0.07850599466249633
sub-31152_ses-baseline_fs,lh_pSTS_L_2_2_thickness,0.0023098052492404246,-0.10078322500864136,-0.13332872853185118,-0.14342383781968177,-0.004374831412337918,-0.0006185148243750334,-0.0011865217664717427,0.09368052277049822,-0.004620247291521977,-0.11047692043311591
sub-31152_ses-baseline_fs,lh_SPL_L_4_1_thickness,0.029241685857007524,-0.10750007459616323,-0.051172502211761554,0.14418698471643518,-0.0008490389552621543,0.08172727010105414,0.1481182866612263,-0.08183698521678592,0.1160793613784193,-0.008057818305056653
sub-31152_ses-baseline_fs,lh_SPL_L_4_2_thickness,0.15325011245675996,0.06685880120890382,-0.08313136939058165,0.019446921146973786,-0.049850218823116556,-0.010093728564206924,-0.07752785897471628,-0.02790336701351683,-0.04460813670219707,0.0939594843659434
sub-31152_ses-baseline_fs,lh_SPL_L_4_3_thickness,-0.03335128838741252,-0.08875670649740017,0.015427570386670544,0.013311690400860696,0.06917372299585431,-0.12110815811399914,-0.13646583127529632,0.10536674131026956,0.14802933842237465,0.012458184353946113
sub-31152_ses-baseline_fs,lh_SPL_L_4_4_thickness,-0.08522537358308054,-0.07047085287179647,0.018281544476418006,0.06795033624342099,0.003252014391937489,-0.16040418305791074,0.03839285062980128,-0.0662072084534697,-0.19144285550453813,-0.012000583349047762
sub-31152_ses-baseline_fs,lh_IPL_L_6_1_thickness,-0.08522537358308054,-0.07047085287179647,0.018281544476418006,0.06795033624342099,0.003252014391937489,-0.16040418305791074,0.03839285062980128,-0.0662072084534697,-0.19144285550453813,-0.012000583349047762
sub-31152_ses-baseline_fs,lh_IPL_L_6_2_thickness,0.002290595921360642,-0.10077465684130128,-0.13324680895772295,-0.14333559067798685,-0.0043340373910801646,-0.0006825340257753064,-0.0012560518070992167,0.09368032178021955,-0.004541286469231486,-0.11040745098240727
sub-31152_ses-baseline_fs,lh_IPL_L_6_3_thickness,0.22709623318147343,0.06311096926027017,0.10287279622328187,-0.0580957628300676,-0.03101065436972719,-0.05183124378135489,0.02346740876837299,-0.018589470074988127,-0.012571463281092989,0.007002110342570903
sub-31152_ses-baseline_fs,lh_IPL_L_6_4_thickness,-0.10978273601807337,-0.04973635966584539,0.07170859912177498,-0.15086984080224203,-0.035576869059255896,0.0907342829220194,-0.013369537279748147,-0.0928650459642978,0.010317704712134584,0.15770869424487435
sub-31152_ses-baseline_fs,lh_IPL_L_6_5_thickness,-0.06450320336458387,0.0498023049363972,0.0917114658089136,0.09575856433290927,-0.11737234069505195,0.13623865102746915,-0.07885114391560309,0.09532556843782017,-0.051458437024346236,-0.09747951450662101
sub-31152_ses-baseline_fs,lh_IPL_L_6_6_thickness,0.22709623318147343,0.06311096926027017,0.10287279622328187,-0.0580957628300676,-0.03101065436972719,-0.05183124378135489,0.02346740876837299,-0.018589470074988127,-0.012571463281092989,0.007002110342570903
sub-31152_ses-baseline_fs,lh_PCun_L_4_1_thickness,-0.06450320336458387,0.0498023049363972,0.0917114658089136,0.09575856433290927,-0.11737234069505195,0.13623865102746915,-0.07885114391560309,0.09532556843782017,-0.051458437024346236,-0.09747951450662101
sub-31152_ses-baseline_fs,lh_PCun_L_4_2_thickness,0.22709623318147343,0.06311096926027017,0.10287279622328187,-0.0580957628300676,-0.03101065436972719,-0.05183124378135489,0.02346740876837299,-0.018589470074988127,-0.012571463281092989,0.007002110342570903
sub-31152_ses-baseline_fs,lh_PCun_L_4_3_thickness,0.22709623318147343,0.06311096926027017,0.10287279622328187,-0.0580957628300676,-0.03101065436972719,-0.05183124378135489,0.02346740876837299,-0.018589470074988127,-0.012571463281092989,0.007002110342570903
sub-31152_ses-baseline_fs,lh_PCun_L_4_4_thickness,-0.03335128838741252,-0.08875670649740017,0.015427570386670544,0.013311690400860696,0.06917372299585431,-0.12110815811399914,-0.13646583127529632,0.10536674131026956,0.14802933842237465,0.012458184353946113
sub-31152_ses-baseline_fs,lh_PoG_L_4_1_thickness,-0.061072617318464285,0.1480637671929379,-0.036623858841628484,-0.020093231845267037,0.12565871416034402,0.010039135716177273,-0.011545787654789304,-0.08915167851707013,0.02807207702710726,-0.07850599466249633
sub-31152_ses-baseline_fs,lh_PoG_L_4_2_thickness,-0.061072617318464285,0.1480637671929379,-0.036623858841628484,-0.020093231845267037,0.12565871416034402,0.010039135716177273,-0.011545787654789304,-0.08915167851707013,0.02807207702710726,-0.07850599466249633
sub-31152_ses-baseline_fs,lh_PoG_L_4_3_thickness,-0.02869930999946593,0.07308632151285567,-0.014113770495097832,0.009037914113842267,0.10926810128635929,0.027478962913594005,0.09193783489549619,0.11797953521566948,-0.03683784907507987,0.07688272721929845
sub-31152_ses-baseline_fs,lh_PoG_L_4_4_thickness,0.22709623318147343,0.06311096926027017,0.10287279622328187,-0.0580957628300676,-0.03101065436972719,-0.05183124378135489,0.02346740876837299,-0.018589470074988127,-0.012571463281092989,0.007002110342570903
sub-31152_ses-baseline_fs,lh_INS_L_6_1_thickness,0.0012295508529144143,-0.058286292716750135,-0.10222002342534645,-0.10567603575454078,-0.013331100922438334,0.011667601617809734,0.018103359575770687,0.057668880672797844,-0.019354315497528446,-0.07945144715242575
sub-31152_ses-baseline_fs,lh_INS_L_6_2_thickness,-0.03332683119797331,-0.0885930337367741,0.015501978368110783,0.013380105811210609,0.06909770106358905,-0.12098747057599188,-0.13635858295034037,0.10525232995097616,0.14791325594109012,0.012507684233852878
sub-31152_ses-baseline_fs,lh_INS_L_6_3_thickness,0.029252525280062003,-0.10752663338729161,-0.05117847761100983,0.14421510501967896,-0.0008429210780208598,0.0817475098938286,0.1481424315532897,-0.08185467992082039,0.11609864897006984,-0.008061172116895629
sub-31152_ses-baseline_fs,lh_CG_L_5_1_thickness,0.029241685857007524,-0.10750007459616323,-0.051172502211761554,0.14418698471643518,-0.0008490389552621543,0.08172727010105414,0.1481182866612263,-0.08183698521678592,0.1160793613784193,-0.008057818305056653
sub-31152_ses-baseline_fs,lh_CG_L_5_2_thickness,-0.08522537358308054,-0.07047085287179647,0.018281544476418006,0.06795033624342099,0.003252014391937489,-0.16040418305791074,0.03839285062980128,-0.0662072084534697,-0.19144285550453813,-0.012000583349047762
sub-31152_ses-baseline_fs,lh_CG_L_5_3_thickness,0.22709623318147343,0.06311096926027017,0.10287279622328187,-0.0580957628300676,-0.03101065436972719,-0.05183124378135489,0.02346740876837299,-0.018589470074988127,-0.012571463281092989,0.007002110342570903
sub-31152_ses-baseline_fs,lh_CG_L_5_4_thickness,0.15325011245675996,0.06685880120890382,-0.08313136939058165,0.019446921146973786,-0.049850218823116556,-0.010093728564206924,-0.07752785897471628,-0.02790336701351683,-0.04460813670219707,0.0939594843659434
sub-31152_ses-baseline_fs,lh_CG_L_5_5_thickness,0.029252525280062003,-0.10752663338729161,-0.05117847761100983,0.14421510501967896,-0.0008429210780208598,0.0817475098938286,0.1481424315532897,-0.08185467992082039,0.11609864897006984,-0.008061172116895629
sub-31152_ses-baseline_fs,lh_MVOcC_L_5_1_thickness,-0.03333251054155753,-0.08862565524615823,0.015493520741172035,0.013370734267980132,0.06911475047169972,-0.12101560139676637,-0.13638827228760844,0.10527995771657057,0.1479443437332796,0.012500514043968635
sub-31152_ses-baseline_fs,lh_MVOcC_L_5_2_thickness,0.029252337563022767,-0.10752643561363723,-0.051178551392388846,0.14421494871489068,-0.0008430064484110548,0.08174717949965951,0.1481423896218032,-0.0818546291085101,0.11609858315322764,-0.008061062798729401
sub-31152_ses-baseline_fs,lh_MVOcC_L_5_3_thickness,-0.08522525452802712,-0.0704707283425032,0.018281516444712074,0.06795023024475641,0.0032519959166131453,-0.16040393495410332,0.038392794520020555,-0.06620709291862828,-0.19144257545038793,-0.012000570172563951
sub-31152_ses-baseline_fs,lh_MVOcC_L_5_4_thickness,-0.006055445830376469,-0.028330195696278575,-0.0347060546421533,0.07101290705405666,-0.029680176957289257,0.027266471878029427,0.08505405357084227,-0.028773170189694382,0.06703359334656389,-0.001333609459698045
sub-31152_ses-baseline_fs,lh_MVOcC_L_5_5_thickness,-0.08522537358308054,-0.07047085287179647,0.018281544476418006,0.06795033624342099,0.003252014391937489,-0.16040418305791074,0.03839285062980128,-0.0662072084534697,-0.19144285550453813,-0.012000583349047762
sub-31152_ses-baseline_fs,lh_LOcC_L_4_1_thickness,-0.03327314712027522,-0.08831886005605222,0.015529206861792561,0.01342782744164691,0.068940330635889,-0.12072176984320135,-0.13605309943851965,0.10498932929985785,0.1475976021441265,0.012547556506278583
sub-31152_ses-baseline_fs,lh_LOcC_L_4_2_thickness,0.0023098052492404246,-0.10078322500864136,-0.13332872853185118,-0.14342383781968177,-0.004374831412337918,-0.0006185148243750334,-0.0011865217664717427,0.09368052277049822,-0.004620247291521977,-0.11047692043311591
sub-31152_ses-baseline_fs,lh_LOcC_L_4_3_thickness,-0.03335128838741252,-0.08875670649740017,0.015427570386670544,0.013311690400860696,0.06917372299585431,-0.12110815811399914,-0.13646583127529632,0.10536674131026956,0.14802933842237465,0.012458184353946113
sub-31152_ses-baseline_fs,lh_LOcC_L_4_4_thickness,-0.03322307690345273,-0.08859399889856283,0.015033457442477745,0.012942823923284476,0.06887982707506722,-0.12059862691901628,-0.13584013903667647,0.10508517725445479,0.14735928786038327,0.012178128211220869
sub-31152_ses-baseline_fs,lh_MeanThickness_thickness,-0.06106563763801499,0.14806010024391608,-0.03661782295878758,-0.02008777998179335,0.12571231584162426,0.010069802089462851,-0.011545202530953246,-0.08912985594109238,0.028047777275826233,-0.07849541602935267
